nombre,apellido,genero,nacionalidad,documento,fecha_nacimiento,correo,telefono,asistencia,codigo

Sara,Tarazona,Femenino,Colombiana,124343777,12/03/2050,saritat@gmail.com,23456098132456,NO,7440

Simon,Tarazona,Masculino,Colombiano,11116072462,19/06/2007,simondavdi4075@gmail.com,3136397498,NO,5281

Pedro,Argolta,Masculino,Español,11116072264,19/06/1939,pedrito@gmail.com,3136397498,SI,5871

johan,cardona,Masculino,colombiano,4335332462,10/02/23,dadwed@gmail.com,3131242,NO,6708

johan,cardona,Masculino,colombiano,424423265,10/02/2024,dadwed@gmail.com,3131242,NO,6543
